[{"type": "constructor","inputs": [],"stateMutability": "nonpayable"},{"name": "EnforcedPause","type": "error","inputs": []},{"name": "ExpectedPause","type": "error","inputs": []},{"name": "OwnableInvalidOwner","type": "error","inputs": [{"name": "owner","type": "address","internalType": "address"}]},{"name": "OwnableUnauthorizedAccount","type": "error","inputs": [{"name": "account","type": "address","internalType": "address"}]},{"name": "ReentrancyGuardReentrantCall","type": "error","inputs": []},{"name": "BridgeAdminUpdated","type": "event","inputs": [{"name": "oldAdmin","type": "address","indexed": true,"internalType": "address"},{"name": "newAdmin","type": "address","indexed": true,"internalType": "address"}],"anonymous": false},{"name": "Burn","type": "event","inputs": [{"name": "user","type": "address","indexed": true,"internalType": "address"},{"name": "amount","type": "uint256","indexed": false,"internalType": "uint256"},{"name": "burnId","type": "bytes32","indexed": false,"internalType": "bytes32"},{"name": "destinationChain","type": "string","indexed": false,"internalType": "string"},{"name": "destinationAddress","type": "string","indexed": false,"internalType": "string"}],"anonymous": false},{"name": "Mint","type": "event","inputs": [{"name": "user","type": "address","indexed": true,"internalType": "address"},{"name": "amount","type": "uint256","indexed": false,"internalType": "uint256"},{"name": "mintId","type": "bytes32","indexed": false,"internalType": "bytes32"},{"name": "sourceChain","type": "string","indexed": false,"internalType": "string"},{"name": "depositId","type": "bytes32","indexed": false,"internalType": "bytes32"}],"anonymous": false},{"name": "OwnershipTransferred","type": "event","inputs": [{"name": "previousOwner","type": "address","indexed": true,"internalType": "address"},{"name": "newOwner","type": "address","indexed": true,"internalType": "address"}],"anonymous": false},{"name": "Paused","type": "event","inputs": [{"name": "account","type": "address","indexed": false,"internalType": "address"}],"anonymous": false},{"name": "TransactionStatusUpdated","type": "event","inputs": [{"name": "transactionId","type": "bytes32","indexed": true,"internalType": "bytes32"},{"name": "user","type": "address","indexed": true,"internalType": "address"},{"name": "status","type": "uint8","indexed": false,"internalType": "enum USDTBridgeUniverse.TransactionStatus"}],"anonymous": false},{"name": "Unpaused","type": "event","inputs": [{"name": "account","type": "address","indexed": false,"internalType": "address"}],"anonymous": false},{"name": "bscBridge","type": "function","inputs": [],"outputs": [{"name": "","type": "address","internalType": "address"}],"stateMutability": "view"},{"name": "emergencyWithdraw","type": "function","inputs": [{"name": "amount","type": "uint256","internalType": "uint256"}],"outputs": [],"stateMutability": "nonpayable"},{"name": "getMarketOverview","type": "function","inputs": [],"outputs": [{"name": "current24hVolume","type": "uint256","internalType": "uint256"},{"name": "previous24hVolume","type": "uint256","internalType": "uint256"},{"name": "volumeIncreasePercent","type": "uint256","internalType": "uint256"},{"name": "successRate","type": "uint256","internalType": "uint256"},{"name": "avgProcessingTime","type": "uint256","internalType": "uint256"}],"stateMutability": "view"},{"name": "getTotalTransactions","type": "function","inputs": [],"outputs": [{"name": "","type": "uint256","internalType": "uint256"}],"stateMutability": "view"},{"name": "getTransaction","type": "function","inputs": [{"name": "transactionId","type": "bytes32","internalType": "bytes32"}],"outputs": [{"name": "","type": "tuple","components": [{"name": "transactionId","type": "bytes32","internalType": "bytes32"},{"name": "user","type": "address","internalType": "address"},{"name": "transactionType","type": "string","internalType": "string"},{"name": "amount","type": "uint256","internalType": "uint256"},{"name": "sourceChain","type": "string","internalType": "string"},{"name": "destinationChain","type": "string","internalType": "string"},{"name": "destinationAddress","type": "string","internalType": "string"},{"name": "status","type": "uint8","internalType": "enum USDTBridgeUniverse.TransactionStatus"},{"name": "timestamp","type": "uint256","internalType": "uint256"},{"name": "linkedId","type": "bytes32","internalType": "bytes32"}],"internalType": "struct USDTBridgeUniverse.BridgeTransaction"}],"stateMutability": "view"},{"name": "getTransactionsByStatusAndTimeRange","type": "function","inputs": [{"name": "status","type": "uint8","internalType": "enum USDTBridgeUniverse.TransactionStatus"},{"name": "timeRange","type": "uint256","internalType": "uint256"}],"outputs": [{"name": "","type": "tuple[]","components": [{"name": "transactionId","type": "bytes32","internalType": "bytes32"},{"name": "user","type": "address","internalType": "address"},{"name": "transactionType","type": "string","internalType": "string"},{"name": "amount","type": "uint256","internalType": "uint256"},{"name": "sourceChain","type": "string","internalType": "string"},{"name": "destinationChain","type": "string","internalType": "string"},{"name": "destinationAddress","type": "string","internalType": "string"},{"name": "status","type": "uint8","internalType": "enum USDTBridgeUniverse.TransactionStatus"},{"name": "timestamp","type": "uint256","internalType": "uint256"},{"name": "linkedId","type": "bytes32","internalType": "bytes32"}],"internalType": "struct USDTBridgeUniverse.BridgeTransaction[]"}],"stateMutability": "view"},{"name": "getUSDTAddress","type": "function","inputs": [],"outputs": [{"name": "","type": "address","internalType": "address"}],"stateMutability": "view"},{"name": "getUserTransactionsByTimeRange","type": "function","inputs": [{"name": "user","type": "address","internalType": "address"},{"name": "timeRange","type": "uint256","internalType": "uint256"}],"outputs": [{"name": "","type": "tuple[]","components": [{"name": "transactionId","type": "bytes32","internalType": "bytes32"},{"name": "user","type": "address","internalType": "address"},{"name": "transactionType","type": "string","internalType": "string"},{"name": "amount","type": "uint256","internalType": "uint256"},{"name": "sourceChain","type": "string","internalType": "string"},{"name": "destinationChain","type": "string","internalType": "string"},{"name": "destinationAddress","type": "string","internalType": "string"},{"name": "status","type": "uint8","internalType": "enum USDTBridgeUniverse.TransactionStatus"},{"name": "timestamp","type": "uint256","internalType": "uint256"},{"name": "linkedId","type": "bytes32","internalType": "bytes32"}],"internalType": "struct USDTBridgeUniverse.BridgeTransaction[]"}],"stateMutability": "view"},{"name": "mint","type": "function","inputs": [{"name": "user","type": "address","internalType": "address"},{"name": "amount","type": "uint256","internalType": "uint256"},{"name": "depositId","type": "bytes32","internalType": "bytes32"}],"outputs": [],"stateMutability": "nonpayable"},{"name": "owner","type": "function","inputs": [],"outputs": [{"name": "","type": "address","internalType": "address"}],"stateMutability": "view"},{"name": "pause","type": "function","inputs": [],"outputs": [],"stateMutability": "nonpayable"},{"name": "paused","type": "function","inputs": [],"outputs": [{"name": "","type": "bool","internalType": "bool"}],"stateMutability": "view"},{"name": "processedMints","type": "function","inputs": [{"name": "","type": "bytes32","internalType": "bytes32"}],"outputs": [{"name": "","type": "bool","internalType": "bool"}],"stateMutability": "view"},{"name": "renounceOwnership","type": "function","inputs": [],"outputs": [],"stateMutability": "nonpayable"},{"name": "setBscBridge","type": "function","inputs": [{"name": "_bscBridge","type": "address","internalType": "address"}],"outputs": [],"stateMutability": "nonpayable"},{"name": "transactionList","type": "function","inputs": [{"name": "","type": "uint256","internalType": "uint256"}],"outputs": [{"name": "","type": "bytes32","internalType": "bytes32"}],"stateMutability": "view"},{"name": "transactions","type": "function","inputs": [{"name": "","type": "bytes32","internalType": "bytes32"}],"outputs": [{"name": "transactionId","type": "bytes32","internalType": "bytes32"},{"name": "user","type": "address","internalType": "address"},{"name": "transactionType","type": "string","internalType": "string"},{"name": "amount","type": "uint256","internalType": "uint256"},{"name": "sourceChain","type": "string","internalType": "string"},{"name": "destinationChain","type": "string","internalType": "string"},{"name": "destinationAddress","type": "string","internalType": "string"},{"name": "status","type": "uint8","internalType": "enum USDTBridgeUniverse.TransactionStatus"},{"name": "timestamp","type": "uint256","internalType": "uint256"},{"name": "linkedId","type": "bytes32","internalType": "bytes32"}],"stateMutability": "view"},{"name": "transferOwnership","type": "function","inputs": [{"name": "newOwner","type": "address","internalType": "address"}],"outputs": [],"stateMutability": "nonpayable"},{"name": "unpause","type": "function","inputs": [],"outputs": [],"stateMutability": "nonpayable"},{"name": "updateTransactionStatus","type": "function","inputs": [{"name": "transactionId","type": "bytes32","internalType": "bytes32"},{"name": "status","type": "uint8","internalType": "enum USDTBridgeUniverse.TransactionStatus"}],"outputs": [],"stateMutability": "nonpayable"},{"name": "usdtToken","type": "function","inputs": [],"outputs": [{"name": "","type": "address","internalType": "contract USDT"}],"stateMutability": "view"},{"name": "withdraw","type": "function","inputs": [{"name": "amount","type": "uint256","internalType": "uint256"},{"name": "destinationAddress","type": "string","internalType": "string"}],"outputs": [],"stateMutability": "nonpayable"}]
