[{"inputs": [{"internalType": "address","name": "_usdtToken","type": "address"}],"stateMutability": "nonpayable","type": "constructor"},{"inputs": [],"name": "EnforcedPause","type": "error"},{"inputs": [],"name": "ExpectedPause","type": "error"},{"inputs": [{"internalType": "address","name": "owner","type": "address"}],"name": "OwnableInvalidOwner","type": "error"},{"inputs": [{"internalType": "address","name": "account","type": "address"}],"name": "OwnableUnauthorizedAccount","type": "error"},{"inputs": [],"name": "ReentrancyGuardReentrantCall","type": "error"},{"anonymous": false,"inputs": [{"indexed": true,"internalType": "address","name": "oldAdmin","type": "address"},{"indexed": true,"internalType": "address","name": "newAdmin","type": "address"}],"name": "BridgeAdminUpdated","type": "event"},{"anonymous": false,"inputs": [{"indexed": true,"internalType": "address","name": "user","type": "address"},{"indexed": false,"internalType": "uint256","name": "amount","type": "uint256"},{"indexed": false,"internalType": "bytes32","name": "depositId","type": "bytes32"},{"indexed": false,"internalType": "string","name": "destinationChain","type": "string"},{"indexed": false,"internalType": "string","name": "destinationAddress","type": "string"}],"name": "Deposit","type": "event"},{"anonymous": false,"inputs": [{"indexed": true,"internalType": "address","name": "previousOwner","type": "address"},{"indexed": true,"internalType": "address","name": "newOwner","type": "address"}],"name": "OwnershipTransferred","type": "event"},{"anonymous": false,"inputs": [{"indexed": false,"internalType": "address","name": "account","type": "address"}],"name": "Paused","type": "event"},{"anonymous": false,"inputs": [{"indexed": true,"internalType": "bytes32","name": "transactionId","type": "bytes32"},{"indexed": true,"internalType": "address","name": "user","type": "address"},{"indexed": false,"internalType": "enum USDTBridgeBSC.TransactionStatus","name": "status","type": "uint8"}],"name": "TransactionStatusUpdated","type": "event"},{"anonymous": false,"inputs": [{"indexed": false,"internalType": "address","name": "account","type": "address"}],"name": "Unpaused","type": "event"},{"anonymous": false,"inputs": [{"indexed": true,"internalType": "address","name": "user","type": "address"},{"indexed": false,"internalType": "uint256","name": "amount","type": "uint256"},{"indexed": false,"internalType": "bytes32","name": "withdrawalId","type": "bytes32"},{"indexed": false,"internalType": "string","name": "sourceChain","type": "string"},{"indexed": false,"internalType": "bytes32","name": "burnId","type": "bytes32"}],"name": "Withdrawal","type": "event"},{"inputs": [{"internalType": "uint256","name": "amount","type": "uint256"},{"internalType": "string","name": "destinationAddress","type": "string"}],"name": "deposit","outputs": [],"stateMutability": "nonpayable","type": "function"},{"inputs": [{"internalType": "uint256","name": "amount","type": "uint256"}],"name": "emergencyWithdraw","outputs": [],"stateMutability": "nonpayable","type": "function"},{"inputs": [],"name": "getMarketOverview","outputs": [{"internalType": "uint256","name": "current24hVolume","type": "uint256"},{"internalType": "uint256","name": "previous24hVolume","type": "uint256"},{"internalType": "uint256","name": "volumeIncreasePercent","type": "uint256"},{"internalType": "uint256","name": "successRate","type": "uint256"},{"internalType": "uint256","name": "avgProcessingTime","type": "uint256"}],"stateMutability": "view","type": "function"},{"inputs": [],"name": "getTotalTransactions","outputs": [{"internalType": "uint256","name": "","type": "uint256"}],"stateMutability": "view","type": "function"},{"inputs": [{"internalType": "bytes32","name": "transactionId","type": "bytes32"}],"name": "getTransaction","outputs": [{"components": [{"internalType": "bytes32","name": "transactionId","type": "bytes32"},{"internalType": "address","name": "user","type": "address"},{"internalType": "string","name": "transactionType","type": "string"},{"internalType": "uint256","name": "amount","type": "uint256"},{"internalType": "string","name": "sourceChain","type": "string"},{"internalType": "string","name": "destinationChain","type": "string"},{"internalType": "string","name": "destinationAddress","type": "string"},{"internalType": "enum USDTBridgeBSC.TransactionStatus","name": "status","type": "uint8"},{"internalType": "uint256","name": "timestamp","type": "uint256"},{"internalType": "bytes32","name": "linkedId","type": "bytes32"}],"internalType": "struct USDTBridgeBSC.BridgeTransaction","name": "","type": "tuple"}],"stateMutability": "view","type": "function"},{"inputs": [{"internalType": "enum USDTBridgeBSC.TransactionStatus","name": "status","type": "uint8"},{"internalType": "uint256","name": "timeRange","type": "uint256"}],"name": "getTransactionsByStatusAndTimeRange","outputs": [{"components": [{"internalType": "bytes32","name": "transactionId","type": "bytes32"},{"internalType": "address","name": "user","type": "address"},{"internalType": "string","name": "transactionType","type": "string"},{"internalType": "uint256","name": "amount","type": "uint256"},{"internalType": "string","name": "sourceChain","type": "string"},{"internalType": "string","name": "destinationChain","type": "string"},{"internalType": "string","name": "destinationAddress","type": "string"},{"internalType": "enum USDTBridgeBSC.TransactionStatus","name": "status","type": "uint8"},{"internalType": "uint256","name": "timestamp","type": "uint256"},{"internalType": "bytes32","name": "linkedId","type": "bytes32"}],"internalType": "struct USDTBridgeBSC.BridgeTransaction[]","name": "","type": "tuple[]"}],"stateMutability": "view","type": "function"},{"inputs": [{"internalType": "address","name": "user","type": "address"},{"internalType": "uint256","name": "timeRange","type": "uint256"}],"name": "getUserTransactionsByTimeRange","outputs": [{"components": [{"internalType": "bytes32","name": "transactionId","type": "bytes32"},{"internalType": "address","name": "user","type": "address"},{"internalType": "string","name": "transactionType","type": "string"},{"internalType": "uint256","name": "amount","type": "uint256"},{"internalType": "string","name": "sourceChain","type": "string"},{"internalType": "string","name": "destinationChain","type": "string"},{"internalType": "string","name": "destinationAddress","type": "string"},{"internalType": "enum USDTBridgeBSC.TransactionStatus","name": "status","type": "uint8"},{"internalType": "uint256","name": "timestamp","type": "uint256"},{"internalType": "bytes32","name": "linkedId","type": "bytes32"}],"internalType": "struct USDTBridgeBSC.BridgeTransaction[]","name": "","type": "tuple[]"}],"stateMutability": "view","type": "function"},{"inputs": [],"name": "owner","outputs": [{"internalType": "address","name": "","type": "address"}],"stateMutability": "view","type": "function"},{"inputs": [],"name": "pause","outputs": [],"stateMutability": "nonpayable","type": "function"},{"inputs": [],"name": "paused","outputs": [{"internalType": "bool","name": "","type": "bool"}],"stateMutability": "view","type": "function"},{"inputs": [{"internalType": "bytes32","name": "","type": "bytes32"}],"name": "processedDeposits","outputs": [{"internalType": "bool","name": "","type": "bool"}],"stateMutability": "view","type": "function"},{"inputs": [{"internalType": "bytes32","name": "","type": "bytes32"}],"name": "processedWithdrawals","outputs": [{"internalType": "bool","name": "","type": "bool"}],"stateMutability": "view","type": "function"},{"inputs": [],"name": "renounceOwnership","outputs": [],"stateMutability": "nonpayable","type": "function"},{"inputs": [{"internalType": "address","name": "_universeBridge","type": "address"}],"name": "setUniverseBridge","outputs": [],"stateMutability": "nonpayable","type": "function"},{"inputs": [{"internalType": "uint256","name": "","type": "uint256"}],"name": "transactionList","outputs": [{"internalType": "bytes32","name": "","type": "bytes32"}],"stateMutability": "view","type": "function"},{"inputs": [{"internalType": "bytes32","name": "","type": "bytes32"}],"name": "transactions","outputs": [{"internalType": "bytes32","name": "transactionId","type": "bytes32"},{"internalType": "address","name": "user","type": "address"},{"internalType": "string","name": "transactionType","type": "string"},{"internalType": "uint256","name": "amount","type": "uint256"},{"internalType": "string","name": "sourceChain","type": "string"},{"internalType": "string","name": "destinationChain","type": "string"},{"internalType": "string","name": "destinationAddress","type": "string"},{"internalType": "enum USDTBridgeBSC.TransactionStatus","name": "status","type": "uint8"},{"internalType": "uint256","name": "timestamp","type": "uint256"},{"internalType": "bytes32","name": "linkedId","type": "bytes32"}],"stateMutability": "view","type": "function"},{"inputs": [{"internalType": "address","name": "newOwner","type": "address"}],"name": "transferOwnership","outputs": [],"stateMutability": "nonpayable","type": "function"},{"inputs": [],"name": "universeBridge","outputs": [{"internalType": "address","name": "","type": "address"}],"stateMutability": "view","type": "function"},{"inputs": [{"internalType": "address","name": "user","type": "address"},{"internalType": "uint256","name": "amount","type": "uint256"},{"internalType": "bytes32","name": "burnId","type": "bytes32"}],"name": "unlock","outputs": [],"stateMutability": "nonpayable","type": "function"},{"inputs": [],"name": "unpause","outputs": [],"stateMutability": "nonpayable","type": "function"},{"inputs": [{"internalType": "bytes32","name": "transactionId","type": "bytes32"},{"internalType": "enum USDTBridgeBSC.TransactionStatus","name": "status","type": "uint8"}],"name": "updateTransactionStatus","outputs": [],"stateMutability": "nonpayable","type": "function"},{"inputs": [],"name": "usdtToken","outputs": [{"internalType": "contract IERC20","name": "","type": "address"}],"stateMutability": "view","type": "function"}]
